CNT,domain,country,y2015,y2025,change
TUR,MATH,Türkiye,420.45397968790087,461.5465671235869,41.09258743568603
ARE,MATH,United Arab Emirates,427.482738955872,452.58868283718823,25.10594388131625
ALB,MATH,Albania,413.15702122356583,432.81718540625593,19.660164182690096
QAT,MATH,Qatar,402.40063510400535,416.16178923742535,13.761154133420007
GEO,MATH,Georgia,403.8332294137096,416.362702045469,12.529472631759404
DOM,MATH,Dominican Republic,327.70202510792484,338.8294859918305,11.127460883905655
MKD,MATH,North Macedonia,371.3114288700487,379.7920359131454,8.480607043096711
JOR,MATH,Jordan,380.259010507065,387.56130148391446,7.302290976849463
MAC,MATH,Macao (China),543.8077757746406,549.3016193468909,5.4938435722502845
TAP,MATH,Chinese Taipei,542.3214669682967,546.1891156636879,3.8676486953911535
BRA,MATH,Brazil,377.06952347040726,376.7679361057163,-0.3015873646909881
SGP,MATH,Singapore,564.1896785654393,562.8974796970545,-1.292198868384844
KOR,MATH,Korea,524.1062162828124,522.2978441961349,-1.8083720866775366
PER,MATH,Peru,386.5605879702916,382.43937522599725,-4.121212744294326
GBR,MATH,United Kingdom,492.4785308140705,487.57373708128574,-4.9047937327847535
SVK,MATH,Slovak Republic,475.23010526102775,469.09830242194147,-6.131802839086276
USA,MATH,United States,469.628491921766,462.84782103743885,-6.780670884327151
MNE,MATH,Montenegro,417.9341246760965,411.0580081699831,-6.8761165061133624
JPN,MATH,Japan,532.4398722039837,525.3757951799726,-7.064077024011112
LTU,MATH,Lithuania,478.3833817352221,470.49147445919994,-7.8919072760221525
THA,MATH,Thailand,415.46379998932696,406.76477801748905,-8.699021971837908
HRV,MATH,Croatia,464.04009937816886,455.2916964987219,-8.748402879446985
COL,MATH,Colombia,389.64382788353475,380.5286738706249,-9.11515401290984
MDA,MATH,Moldova,419.6635214212927,410.13014109030416,-9.533380330988564
KSV,MATH,Kosovo,361.5339805982512,350.4394773850477,-11.094503213203495
EST,MATH,Estonia,519.5291323690628,507.89573099758445,-11.633401371478385
URY,MATH,Uruguay,417.99188287873625,404.878846267179,-13.113036611557277
CRI,MATH,Costa Rica,400.2533730731219,387.09124493758503,-13.162128135536875
CZE,MATH,Czechia,492.32543788673183,477.14804197297076,-15.177395913761075
NZL,MATH,New Zealand,495.22325646027855,479.61907087056875,-15.6041855897098
AUS,MATH,Australia,493.89623128472175,477.5266508339735,-16.36958045074823
HUN,MATH,Hungary,476.83088081470635,459.48854220690885,-17.3423386077975
LBN,MATH,Lebanon,396.2496526375876,377.13807911657034,-19.11157352101725
AUT,MATH,Austria,496.7422742220289,477.19386591204454,-19.54840830998438
CHL,MATH,Chile,422.6713579729129,402.6452234322024,-20.02613454071053
POL,MATH,Poland,504.4692514900041,484.120924614025,-20.348326875979126
MEX,MATH,Mexico,408.02347775190583,387.5871707406279,-20.436307011277904
LVA,MATH,Latvia,482.3050715466188,460.4927442039191,-21.812327342699746
ITA,MATH,Italy,489.7287308418217,467.76260936950587,-21.96612147231582
CHE,MATH,Switzerland,521.2505751916073,499.147038421496,-22.103536770111248
IDN,MATH,Indonesia,386.1095912381112,363.9016884722972,-22.20790276581397
IRL,MATH,Ireland,503.7219973409333,479.87470428917794,-23.847293051755344
ROU,MATH,Romania,443.9543151739553,419.12420994052786,-24.830105233427446
HKG,MATH,Hong Kong (China),547.9310493656055,521.7077705766337,-26.22327878897181
BEL,MATH,Belgium,506.984362427169,479.6829439705554,-27.30141845661359
LUX,MATH,Luxembourg,485.77062804112654,458.1429990499875,-27.627628991139034
ESP,MATH,Spain,485.84321725603263,457.44885367271553,-28.3943635833171
NLD,MATH,Netherlands,512.2527898866654,483.2702660959565,-28.982523790708854
SWE,MATH,Sweden,493.9181222653001,464.2512157564302,-29.666906508869886
GRC,MATH,Greece,453.62985087261984,423.8521706732102,-29.777680199409645
CAN,MATH,Canada,515.6474280348272,485.3376690734382,-30.30975896138898
PRT,MATH,Portugal,491.62696777303495,459.94303785719154,-31.683929915843407
FRA,MATH,France,492.92040182386467,457.6550054011154,-35.26539642274929
BGR,MATH,Bulgaria,441.18991931001284,405.07756321244767,-36.11235609756517
ISR,MATH,Israel,469.66945415582256,433.37491968419835,-36.29453447162422
ISL,MATH,Iceland,488.033184414869,449.73034335988905,-38.30284105497998
MLT,MATH,Malta,478.64479380005497,439.0827096112732,-39.562084188781796
DNK,MATH,Denmark,511.0876317448983,470.6274952949957,-40.46013644990262
DEU,MATH,Germany,505.9712824219327,463.8056508799978,-42.165631541934886
FIN,MATH,Finland,511.0768529909555,468.69454037951624,-42.38231261143926
NOR,MATH,Norway,501.72981506093134,451.7800777655097,-49.94973729542164
SVN,MATH,Slovenia,509.9196320861644,459.83559309133216,-50.08403899483227
VNM,MATH,Viet Nam,494.51831162011246,443.18597860252436,-51.3323330175881
TUR,READ,Türkiye,428.33509279037634,472.09548943784534,43.76039664746901
QAT,READ,Qatar,401.88733114997046,418.02843979539097,16.141108645420502
TAP,READ,Chinese Taipei,497.0990920382676,507.7879909319127,10.688898893645103
MKD,READ,North Macedonia,351.7415486946352,357.44372018822884,5.702171493593653
ALB,READ,Albania,405.2587599913751,407.6409602797022,2.3822002883271125
BRA,READ,Brazil,407.34859242593404,408.00828761256594,0.6596951866318932
SGP,READ,Singapore,535.1001543618427,534.9000170767117,-0.20013728513094975
ARE,READ,United Arab Emirates,433.54229025900037,432.81079158125453,-0.731498677745833
GBR,READ,United Kingdom,497.97193116667074,494.2309473471686,-3.740983819502162
SVK,READ,Slovak Republic,452.5143368454068,447.967133203107,-4.547203642299792
KSV,READ,Kosovo,347.1259029328579,340.4643754778943,-6.661527454963618
PER,READ,Peru,397.54143915992637,390.13723798387343,-7.404201176052936
USA,READ,United States,496.93509736306595,489.5189281719268,-7.416169191139147
MAC,READ,Macao (China),508.6905185472951,501.0535826802079,-7.636935867087175
LTU,READ,Lithuania,472.40655227078054,464.05376849101043,-8.352783779770107
MNE,READ,Montenegro,426.88447764033253,418.371267290074,-8.513210350258532
ITA,READ,Italy,484.75799610146845,474.28960618211164,-10.46838991935681
CRI,READ,Costa Rica,427.4875482995382,416.0353017307523,-11.452246568785938
AUS,READ,Australia,502.9005597726214,490.8632811909296,-12.037278581691794
DOM,READ,Dominican Republic,357.7376963583281,345.5421468759923,-12.19554948233582
NZL,READ,New Zealand,509.2707125417173,497.044473394336,-12.22623914738125
MDA,READ,Moldova,416.2292621346272,403.701059542763,-12.528202591864215
JPN,READ,Japan,515.9584799193674,502.71450094367054,-13.243978975696848
URY,READ,Uruguay,436.5721315427647,423.21268378524394,-13.35944775752074
MEX,READ,Mexico,423.27647940013503,407.937560523253,-15.338918876882019
LBN,READ,Lebanon,346.548976972854,330.9027341182953,-15.646242854558693
KOR,READ,Korea,517.4367096279792,500.5606480456058,-16.87606158237344
GEO,READ,Georgia,401.28813522064286,384.17862247150737,-17.10951274913549
HUN,READ,Hungary,469.523257776491,452.3062894628859,-17.216968313605093
THA,READ,Thailand,409.1301153793788,391.8296413654273,-17.300474013951543
AUT,READ,Austria,484.8655972747932,467.2116663133244,-17.653930961468802
CZE,READ,Czechia,487.2501411249692,468.3566763848014,-18.893464740167815
EST,READ,Estonia,519.1428549807786,499.2442522895947,-19.89860269118384
IRL,READ,Ireland,520.8148411878992,500.4471503993039,-20.367690788595326
ROU,READ,Romania,433.6165980415706,412.9494689872137,-20.667129054356906
CHE,READ,Switzerland,492.19822852648304,470.0529034338537,-22.14532509262932
CHL,READ,Chile,458.5708760822234,435.6558167309751,-22.91505935124826
POL,READ,Poland,505.6970704380847,481.537438284265,-24.1596321538197
COL,READ,Colombia,424.9051670623324,399.26734846551966,-25.637818596812735
MLT,READ,Malta,446.66614265152504,414.6256571410052,-32.04048551051983
IDN,READ,Indonesia,397.2594941250747,365.2052698792984,-32.05422424577631
BEL,READ,Belgium,498.52418921353984,466.3396350328025,-32.18455418073734
HRV,READ,Croatia,486.86318645387956,453.3873396666636,-33.47584678721597
SWE,READ,Sweden,500.15560677432023,466.43629087794767,-33.719315896372564
PRT,READ,Portugal,498.12890567450796,462.02744422348394,-36.10146145102402
CAN,READ,Canada,526.6678055055155,489.82555396137184,-36.842251544143664
LUX,READ,Luxembourg,481.43909716678166,443.23219014604007,-38.206907020741596
DNK,READ,Denmark,499.8145841014835,460.0094859914993,-39.805098109984215
FRA,READ,France,499.30614175619854,456.3345262181201,-42.971615538078424
ISR,READ,Israel,478.96064276872505,435.83778425469717,-43.12285851402788
DEU,READ,Germany,509.1041388055219,465.2820575577098,-43.82208124781215
ESP,READ,Spain,495.5764351857588,451.35575273374013,-44.22068245201865
GRC,READ,Greece,467.0395380140401,422.66261176808706,-44.37692624595303
BGR,READ,Bulgaria,431.71753287083556,386.6447868312912,-45.07274603954437
JOR,READ,Jordan,408.10219777264115,362.59824643014804,-45.50395134249311
HKG,READ,Hong Kong (China),526.6753399975947,480.1206626572651,-46.55467734032965
FIN,READ,Finland,526.4247471115403,474.2973089725282,-52.127438139012156
LVA,READ,Latvia,487.75809838276757,429.6787051100565,-58.07939327271106
ISL,READ,Iceland,481.5255408445973,422.2851382065057,-59.24040263809161
NOR,READ,Norway,513.1911728858742,452.801295675779,-60.389877210095165
SVN,READ,Slovenia,505.21588070201966,444.7476446102551,-60.46823609176454
NLD,READ,Netherlands,502.9590510987744,441.3449392725286,-61.61411182624579
VNM,READ,Viet Nam,486.77376404084055,391.53665589586984,-95.2371081449707
TUR,SCIE,Türkiye,425.4895089384751,494.26907489405863,68.77956595558351
DOM,SCIE,Dominican Republic,331.6388272121262,360.8465983856189,29.207771173492688
MNE,SCIE,Montenegro,411.31364817274607,435.1844489465437,23.870800773797612
ARE,SCIE,United Arab Emirates,436.7311478652138,458.06698972794914,21.33584186273532
QAT,SCIE,Qatar,417.611130155385,434.3997005676127,16.78857041222767
SVK,SCIE,Slovak Republic,460.77485570872466,474.8721096137149,14.097253904990225
LTU,SCIE,Lithuania,475.4089465567238,487.7390333386404,12.330086781916634
MAC,SCIE,Macao (China),528.5496001887069,540.8138641453065,12.26426395659962
GEO,SCIE,Georgia,411.1315239462016,422.11865935723523,10.987135411033648
THA,SCIE,Thailand,421.3373259279735,432.2404934744332,10.903167546459713
KOR,SCIE,Korea,515.8099113359234,526.1053069832521,10.295395647328746
URY,SCIE,Uruguay,435.36295628163845,444.5492943220913,9.186338040452881
PER,SCIE,Peru,396.68364844564076,405.60047894910633,8.916830503465576
BRA,SCIE,Brazil,400.68210313690656,408.5404550449669,7.858351908060342
ALB,SCIE,Albania,427.22498269658854,434.62710305927345,7.4021203626849115
TAP,SCIE,Chinese Taipei,532.347454577061,539.7016866592487,7.354232082187764
USA,SCIE,United States,496.2424343540644,501.5832439696445,5.340809615580099
CRI,SCIE,Costa Rica,419.60803314290746,423.9695752814245,4.361542138517052
SGP,SCIE,Singapore,555.574679942783,559.8505572889616,4.275877346178618
HUN,SCIE,Hungary,476.7475123944638,479.91184221948396,3.164329825020161
ITA,SCIE,Italy,480.5467624449855,482.9820611472725,2.435298702286957
GBR,SCIE,United Kingdom,509.2215030009624,511.3557527502131,2.1342497492507277
AUT,SCIE,Austria,495.0374865078379,496.91266781275897,1.8751813049210568
HRV,SCIE,Croatia,475.3911768016434,476.3008865599529,0.9097097583095319
JPN,SCIE,Japan,538.394751024672,537.5862414516308,-0.8085095730411922
AUS,SCIE,Australia,509.9938541726982,509.1063278698185,-0.8875263028797349
JOR,SCIE,Jordan,408.6691134000736,406.9354206359981,-1.7336927640754993
COL,SCIE,Colombia,415.7287606369625,413.7309417641954,-1.997818872767084
MEX,SCIE,Mexico,415.70988295791074,413.5653743412999,-2.1445086166108354
CZE,SCIE,Czechia,492.83004827768764,490.27834395864846,-2.5517043190391746
IRL,SCIE,Ireland,502.5751155256191,499.59669411985163,-2.978421405767449
NZL,SCIE,New Zealand,513.3035121295032,509.39792210352897,-3.905590025974277
CHE,SCIE,Switzerland,505.5058156274349,501.23764060186545,-4.268175025569462
CHL,SCIE,Chile,446.9560663779072,442.360595417082,-4.595470960825196
MKD,SCIE,North Macedonia,383.68238778706797,378.49814997421686,-5.184237812851109
MDA,SCIE,Moldova,427.9978056669884,421.9470408472226,-6.0507648197658455
POL,SCIE,Poland,501.43533191824423,495.067034773907,-6.368297144337248
EST,SCIE,Estonia,534.1937421038583,527.1170803914717,-7.076661712386567
SWE,SCIE,Sweden,493.42235631309853,485.11066342207357,-8.311692891024961
LUX,SCIE,Luxembourg,482.8063836484404,473.7703493902387,-9.036034258201653
ROU,SCIE,Romania,434.8848617732902,424.7091466540444,-10.175715119245808
FRA,SCIE,France,494.9776003008351,483.4211988764868,-11.55640142434828
MLT,SCIE,Malta,464.7819646530037,452.5270059094349,-12.254958743568807
BEL,SCIE,Belgium,501.9997136975548,489.7131628134215,-12.286550884133305
IDN,SCIE,Indonesia,403.09974498931564,388.6737940250983,-14.42595096421735
LBN,SCIE,Lebanon,386.4853724626488,372.00567779325223,-14.479694669396565
ESP,SCIE,Spain,492.7861359427686,477.1272994605508,-15.65883648221785
CAN,SCIE,Canada,527.7046843169728,510.0548158389635,-17.649868478009296
PRT,SCIE,Portugal,501.1000621424907,481.71601921867745,-19.38404292381324
GRC,SCIE,Greece,454.8288166103368,434.2849122300146,-20.543904380322203
KSV,SCIE,Kosovo,378.4421850568748,357.0147553585686,-21.427429698306184
LVA,SCIE,Latvia,490.22501828225165,468.3674105457924,-21.857607736459272
NLD,SCIE,Netherlands,508.57480625604273,485.4514061264583,-23.12340012958441
DEU,SCIE,Germany,509.14064729188925,485.5214397222721,-23.619207569617174
DNK,SCIE,Denmark,501.936886995604,477.5410135642478,-24.395873431356222
ISR,SCIE,Israel,466.5528121435725,442.00882836678113,-24.54398377679138
BGR,SCIE,Bulgaria,445.77195784044443,420.7937283112187,-24.978229529225757
FIN,SCIE,Finland,530.6611586391897,504.37244586892996,-26.288712770259735
HKG,SCIE,Hong Kong (China),523.2774477574401,495.6266604301608,-27.65078732727926
NOR,SCIE,Norway,498.4811089951943,470.21225712928464,-28.268851865909653
SVN,SCIE,Slovenia,512.8635785493558,483.72203570552,-29.141542843835794
ISL,SCIE,Iceland,473.2300860872752,441.38043704933847,-31.84964903793673
VNM,SCIE,Viet Nam,524.644519309304,457.4208814040576,-67.22363790524639
